{
  "actors": [
    {
      "type": "Actor",
      "name": "ogre",
      "persistent": true,
      "transform": {
        "position": [
          0,
          0.7,
          3
        ],
        "scale": [
          0.5,
          0.5,
          0.5
        ],
        "rotation": [
          0,
          90,
          0
        ]
      },
      "components": [
        {
          "type": "ModelComponent",
          "modelName": "models/ogre.obj",
          "materialName": "materials/ogre.mtrl"
        },
        {
          "type": "RotateComponent",
          "euler": [ 0, 0, 0 ]
        }
      ]
    },
    {
      "type": "Actor",
      "name": "castle",
      "persistent": true,
      "transform": {
        "position": [
          0,
          0.7,
          3
        ],
        "scale": [
          0.5,
          0.5,
          0.5
        ],
        "rotation": [
          0,
          90,
          0
        ]
      },
      "components": [
        {
          "type": "ModelComponent",
          "modelName": "Fantasie/Simple_Fantasy_SourceFiles/obj/SF_Bld_Undead_Castle_Tower.obj",
          "materialName": "materials/cel_shader.mtrl"
        },
        {
          "type": "RotateComponent",
          "euler": [ 0, 0, 0 ]
        }
      ]
    },
    {
      "type": "Actor",
      "name": "ground",
      "persistent": true,
      "transform": {
        "position": [
          0,
          0,
          3
        ],
        "scale": [
          2,
          2,
          2
        ],
        "rotation": [
          0,
          0,
          0
        ]
      },
      "components": [
        {
          "type": "ModelComponent",
          "modelName": "Fantasie/Simple_Fantasy_SourceFiles/obj/SF_Env_Path_Straight_01.obj",
          "materialName": "materials/cel_shader.mtrl"
        }
      ]
    },
    {
      "type": "Actor",
      "name": "depth_debug",
      "persistent": false,
      "transform": {
        "position": [
          2,
          3,
          5
        ],
        "scale": [
          1,
          1,
          1
        ],
        "rotation": [
          0,
          0,
          0
        ]
      },
      "components": [
        {
          "type": "ModelComponent",
          "modelName": "Models/quad.obj",
          "materialName": "materials/cel_shader.mtrl"
        }
      ]
    },
    {
      "type": "Actor",
      "name": "camera1",
      "persistent": true,
      "transform": {
        "position": [
          0,
          2,
          10
        ],
        "scale": [
          1,
          1,
          1
        ],
        "rotation": [
          0,
          180,
          0
        ]
      },
      "components": [
        {
          "type": "CameraComponent",
          "fov": 45,
          "aspect": 0.0,
          "near": 0.1,
          "far": 100.0
        },
        {
          "type": "CameraController",
          "sensitivity": 0.2,
          "speed": 3,
          "yaw": 0,
          "pitch": 0
        }
      ]
    },
    {
      "type": "Actor",
      "name": "light1",
      "persistent": true,
      "transform": {
        "position": [ 0, 5, 0 ],
        "rotation": [ 60, 30, 0 ],
        "scale": [ 0.1, 0.1, 0.1 ]
      },
      "components": [
        {
          "type": "LightComponent",
          "lightType": "Directional",
          "color": [ 1.0, 1.0, 1.0 ],
          "intensity": 0.8,
          "range": 20,
          "innerangle": 20,
          "outerangle": 30,
          "castShadow": true
        },
        {
          "type": "ModelComponent",
          "modelName": "Models/quad.obj",
          "materialName": "materials/ui_light.mtrl"
        }
      ]
    }
  ]
}