{
	"actors": [
		{
			"type": "Actor",
			"name": "skybox",
			"persistent": true,
			"transform": {
				"position": [
					0,
					0,
					0
				],
				"scale": [
					5,
					5,
					5
				],
				"rotation": [
					0,
					0,
					0
				]
			},
			"components": [
				{
					"type": "ModelComponent",
					"modelName": "models/cube.obj",
					"materialName": "materials/skybox.mtrl",
					"enalbeDepth": false,
					"cullface": "front"
				}
			]
		},
		{
			"type": "Actor",
			"name": "actor1",
			"persistent": true,
			"transform": {
				"position": [
					0,
					0,
					0
				],
				"scale": [
					1,
					1,
					1
				],
				"rotation": [
					0,
					0,
					0
				]
			},
			"components": [
				{
					"type": "ModelComponent",
					"modelName": "models/ogre.obj",
					"materialName": "materials/reflection.mtrl",
					"active": false
				}
			]
		},
		{
			"type": "Actor",
			"name": "actor2",
			"persistent": true,
			"transform": {
				"position": [
					0,
					0,
					0
				],
				"scale": [
					1,
					1,
					1
				],
				"rotation": [
					0,
					0,
					0
				]
			},
			"components": [
				{
					"type": "ModelComponent",
					"modelName": "models/ogre.obj",
					"materialName": "materials/refraction.mtrl",
					"active": false
				}
			]
		},
		{
			"type": "Actor",
			"name": "actor3",
			"persistent": true,
			"transform": {
				"position": [
					0,
					0,
					0
				],
				"scale": [
					1,
					1,
					1
				],
				"rotation": [
					0,
					0,
					0
				]
			},
			"components": [
				{
					"type": "ModelComponent",
					"modelName": "models/ogre.obj",
					"materialName": "materials/ogre.mtrl",
					"active": false
				},
				{
					"type": "RotateComponent",
					"euler": [0,20,0]
				}
			]
		},
		{
			"type": "Actor",
			"name": "sprite",
			"persistent": true,
			"transform": {
				"position": [
					-1,
					0,
					1
				],
				"scale": [
					1,
					1,
					1
				],
				"rotation": [
					0,
					0,
					0
				]
			},
			"components": [
				{
					"type": "ModelComponent",
					"modelName": "models/quad.obj",
					"materialName": "materials/sprite.mtrl",
					"active": true
				}
			]
		},
		{
			"type": "Actor",
			"name": "tree",
			"persistent": true,
			"prototype": true,
			"transform": {
				"position": [
					-1,
					0,
					1
				],
				"scale": [
					1,
					1,
					1
				],
				"rotation": [
					0,
					0,
					0
				]
			},
			"components": [
				{
					"type": "ModelComponent",
					"modelName": "models/quad.obj",
					"materialName": "materials/tree.mtrl",
					"active": false
				}
			]
		},
		{
			"type": "Actor",
			"name": "camera1",
			"persistent": true,
			"components": [
				{
					"type": "CameraComponent",
					"fov": 45,
					"aspect": 0.0,
					"near": 0.1,
					"far": 100.0
				},
				{
					"type": "CameraController",
					"sensitivity": 0.2,
					"speed": 3,
					"yaw": 0,
					"pitch": 0
				}
			]
		},
		{
			"type": "Actor",
			"name": "light1",
			"components": [
				{
					"type": "LightComponent",
					"lightType": "Point",
					"color": [ 1.0, 1.0, 1.0 ],
					"intensity": 0.8,
					"range":20,
					"innerangle": 20,
					"outerangle": 30
				}
			]
		}
	]
}