{
	"actors": [
		{
			"type": "Actor",
			"name": "actor",
			"persistent": true,
			"transform": {
				"position": [
					-1,
					0,
					0
				],
				"scale": [
					1,
					1,
					1
				],
				"rotation": [
					0,
					0,
					0
				]
			},
			"components": [
				{
					"type": "ModelComponent",
					"modelName": "models/ogre.obj",
					"materialName": "materials/ogre.mtrl",
					"active": true
				}
			]
		},
		{
			"type": "Actor",
			"name": "postprocess",
			"persistent": true,
			"prototype": false,
			"components": [
				{
					"type": "ModelComponent",
					"modelName": "models/quad.obj",
					"materialName": "materials/post_process.mtrl",
					"active": true
				}
			]
		},
		{
			"type": "Actor",
			"name": "camera1",
			"persistent": true,
			"components": [
				{
					"type": "CameraComponent",
					"fov": 45,
					"aspect": 0.0,
					"near": 0.1,
					"far": 100.0
				},
				{
					"type": "CameraController",
					"sensitivity": 0.2,
					"speed": 3,
					"yaw": 0,
					"pitch": 0
				}
			]
		},
		{
			"type": "Actor",
			"name": "light1",
			"components": [
				{
					"type": "LightComponent",
					"lightType": "Point",
					"color": [ 1.0, 1.0, 1.0 ],
					"intensity": 0.8,
					"range": 20,
					"innerangle": 20,
					"outerangle": 30
				}
			]
		}
	]
}